Species, Nrbpprot, NprotRRM, NprotKH, Nmeas, NmeasRRM, NmeasKH, Nrectot, Nrecjple, Nrecid, Nrecinter, NrectotRRM, NrecjpleRRM, NrecidRRM, NrecinterRRM, NrectotKH, NrecjpleKH, NrecidKH, NrecinterKH, Nrncmptjple, Nrncmptid, Nmotifjple, Nmotifid
Acanthocheilonema_viteae,207,113,22,0,0,0,43,41,6,4,37,35,6,4,6,6,0,0,31,6,27,6
Acremonium_chrysogenum,107,64,6,0,0,0,15,15,4,4,14,14,3,3,1,1,1,1,14,4,12,4
Acyrthosiphon_pisum,498,176,31,0,0,0,68,66,25,23,51,49,23,21,16,16,2,2,44,22,35,18
Aedes_aegypti,265,151,20,0,0,0,56,54,29,27,47,45,27,25,8,8,2,2,45,27,39,22
Aegilops_tauschii,431,225,25,0,0,0,81,81,8,8,72,72,7,7,9,9,1,1,37,8,28,7
Agaricus_bisporus,197,73,8,0,0,0,14,14,1,1,13,13,1,1,1,1,0,0,14,1,13,1
Ailuropoda_melanoleuca,383,206,31,0,0,0,139,139,110,110,115,115,90,90,21,21,17,17,76,81,54,56
Albugo_laibachii,206,85,6,0,0,0,13,13,0,0,13,13,0,0,0,0,0,0,11,0,11,0
Alligator_sinensis,338,192,31,0,0,0,120,120,66,66,97,97,55,55,22,22,11,11,74,49,53,37
Allomyces_macrogynus,268,157,16,0,0,0,13,11,2,0,13,11,2,0,0,0,0,0,5,1,5,1
Alternaria_brassicicola,109,64,8,0,0,0,9,9,2,2,7,7,1,1,2,2,1,1,8,2,8,2
Amanita_muscaria,177,81,7,0,0,0,14,14,2,2,13,13,2,2,1,1,0,0,12,2,11,2
Amborella_trichopoda,345,170,30,0,0,0,68,68,26,26,59,59,22,22,9,9,4,4,39,19,30,15
Amphimedon_queenslandica,616,148,12,0,0,0,37,35,2,0,35,33,2,0,2,2,0,0,27,1,23,1
Anas_platyrhynchos,294,163,25,0,0,0,107,107,76,76,86,86,61,61,18,18,13,13,68,59,51,41
Ancylostoma_caninum,289,147,31,0,0,0,53,52,10,9,43,42,7,6,10,10,3,3,35,8,28,7
Ancylostoma_ceylanicum,193,101,19,0,0,0,42,41,7,6,33,32,6,5,9,9,1,1,32,7,25,6
Ancylostoma_duodenale,261,127,27,0,0,0,48,47,10,9,37,36,7,6,11,11,3,3,31,7,27,6
Angiostrongylus_cantonensis,130,69,18,0,0,0,29,29,6,6,24,24,5,5,5,5,1,1,25,6,20,6
Angiostrongylus_costaricensis,135,86,16,0,0,0,38,38,8,8,34,34,6,6,4,4,2,2,27,7,22,7
Anisakis_simplex,208,126,22,0,0,0,29,29,3,3,24,24,3,3,5,5,0,0,27,3,24,3
Anncaliia_algerae,59,29,1,0,0,0,1,1,0,0,1,1,0,0,0,0,0,0,1,0,1,0
Anolis_carolinensis,418,184,30,0,0,0,114,114,88,88,91,91,71,71,20,20,14,14,70,71,51,50
Anopheles_albimanus,203,119,17,0,0,0,50,48,21,19,42,40,19,17,7,7,2,2,45,21,41,18
Anopheles_arabiensis,219,120,18,0,0,0,50,48,20,18,43,41,19,17,6,6,1,1,43,18,40,16
Anopheles_atroparvus,204,121,17,0,0,0,49,47,23,21,41,39,21,19,7,7,2,2,40,22,37,20
Anopheles_christyi,183,101,18,0,0,0,43,41,19,17,35,33,17,15,7,7,2,2,40,18,34,16
Anopheles_coluzzii,191,114,15,0,0,0,47,45,17,15,41,39,15,13,5,5,2,2,40,16,36,14
Anopheles_culicifacies,212,119,19,0,0,0,53,51,24,22,44,42,22,20,8,8,2,2,44,22,38,19
Anopheles_darlingi,193,109,19,0,0,0,50,48,25,23,42,40,22,20,7,7,3,3,45,24,39,20
Anopheles_dirus,212,121,18,0,0,0,49,47,22,20,42,40,20,18,6,6,2,2,42,21,38,18
Anopheles_epiroticus,214,119,17,0,0,0,51,48,24,21,44,41,23,20,6,6,1,1,43,23,39,20
Anopheles_farauti,209,119,19,0,0,0,52,50,22,20,45,43,21,19,6,6,1,1,41,21,37,19
Anopheles_funestus,223,122,21,0,0,0,56,54,25,23,46,44,24,22,9,9,1,1,46,23,41,20
Anopheles_gambiae,221,130,20,0,0,0,51,49,27,25,44,42,24,22,7,7,3,3,45,27,41,22
Anopheles_maculatus,178,98,17,0,0,0,38,37,14,13,29,28,12,11,8,8,2,2,33,13,30,12
Anopheles_melas,223,124,21,0,0,0,51,49,21,19,43,41,19,17,7,7,2,2,39,19,36,17
Anopheles_merus,191,110,18,0,0,0,41,39,19,17,35,33,18,16,6,6,1,1,35,18,32,16
Anopheles_minimus,216,118,20,0,0,0,54,52,26,24,45,43,24,22,8,8,2,2,46,24,41,21
Anopheles_quadriannulatus,218,120,19,0,0,0,52,50,22,20,44,42,20,18,7,7,2,2,44,22,40,20
Anopheles_sinensis,178,105,10,0,0,0,37,36,19,18,32,31,18,17,4,4,1,1,34,19,31,17
Anopheles_stephensi,222,120,18,0,0,0,51,49,23,21,43,41,22,20,7,7,1,1,44,21,39,19
Apis_mellifera,218,121,20,0,0,0,55,53,28,26,47,45,26,24,7,7,2,2,48,26,42,24
Aptenodytes_forsteri,293,158,25,0,0,0,106,106,78,78,85,85,63,63,18,18,13,13,70,60,51,44
Aquilegia_coerulea,405,197,26,0,0,0,85,85,32,32,74,74,28,28,11,11,4,4,44,24,32,18
Arabidopsis_lyrata,543,288,28,0,0,0,111,111,40,40,101,101,36,36,10,10,4,4,48,24,35,19
Arabidopsis_thaliana,469,248,28,5,5,0,101,101,41,41,91,91,37,37,10,10,4,4,47,25,34,20
Arthrobotrys_oligospora,119,70,9,0,0,0,13,13,4,4,12,12,3,3,1,1,1,1,13,4,12,4
Arthroderma_benhamiae,97,63,7,0,0,0,12,12,3,3,11,11,2,2,1,1,1,1,12,3,11,3
Arthroderma_otae,104,65,7,0,0,0,13,13,3,3,12,12,2,2,1,1,1,1,13,3,12,3
Ascaris_lumbricoides,150,88,20,0,0,0,39,39,4,4,34,34,4,4,5,5,0,0,26,3,21,3
Ascaris_suum,234,131,25,0,0,0,48,47,7,6,42,41,7,6,6,6,0,0,32,6,30,6
Ashbya_gossypii,89,52,6,0,0,0,8,8,1,1,8,8,1,1,0,0,0,0,8,1,8,1
Aspergillus_carbonarius,105,69,7,0,0,0,14,14,3,3,13,13,2,2,1,1,1,1,13,3,13,3
Aspergillus_clavatus,114,69,5,0,0,0,12,12,3,3,11,11,2,2,1,1,1,1,12,3,12,3
Aspergillus_flavus,108,64,6,0,0,0,11,11,2,2,10,10,1,1,1,1,1,1,11,2,11,2
Aspergillus_fumigatus,104,66,5,0,0,0,12,12,4,4,11,11,3,3,1,1,1,1,12,4,12,4
Aspergillus_nidulans,111,68,7,2,1,1,15,15,4,4,14,14,3,3,1,1,1,1,15,4,14,4
Aspergillus_niger,112,66,6,0,0,0,14,14,2,2,13,13,1,1,1,1,1,1,14,2,13,2
Aspergillus_oryzae,115,69,6,0,0,0,15,15,2,2,14,14,1,1,1,1,1,1,14,2,13,2
Aspergillus_ruber,119,71,7,0,0,0,12,12,4,4,11,11,3,3,1,1,1,1,12,4,12,4
Aspergillus_terreus,104,61,6,0,0,0,14,14,2,2,13,13,1,1,1,1,1,1,13,2,12,2
Astyanax_mexicanus,439,241,41,0,0,0,161,161,108,108,133,133,89,89,27,27,19,19,73,72,52,48
Atta_cephalotes,231,130,19,0,0,0,56,56,16,16,47,47,15,15,8,8,1,1,50,16,40,15
Aureobasidium_melanogenum,115,68,9,0,0,0,12,12,2,2,11,11,1,1,1,1,1,1,12,2,12,2
Aureobasidium_pullulans,114,70,8,0,0,0,12,12,3,3,11,11,2,2,1,1,1,1,12,3,12,3
Aureobasidium_subglaciale,114,69,8,0,0,0,12,12,2,2,11,11,1,1,1,1,1,1,12,2,12,2
Aureococcus_anophagefferens,142,73,11,0,0,0,8,8,0,0,8,8,0,0,0,0,0,0,6,0,6,0
Babesia_bovis,85,56,4,0,0,0,8,8,0,0,8,8,0,0,0,0,0,0,7,0,7,0
Batrachochytrium_dendrobatidis,124,75,7,1,1,0,15,15,3,3,14,14,3,3,1,1,0,0,13,1,13,1
Baudoinia_compniacensis,112,65,9,0,0,0,10,10,1,1,9,9,0,0,1,1,1,1,10,1,8,1
Beauveria_bassiana,112,64,7,0,0,0,14,14,4,4,13,13,3,3,1,1,1,1,14,4,12,4
Bigelowiella_natans,375,141,19,0,0,0,10,10,0,0,10,10,0,0,0,0,0,0,9,0,8,0
Biomphalaria_glabrata,154,79,15,0,0,0,34,33,7,6,29,28,6,5,5,5,1,1,28,6,23,6
Bipolaris_maydis,109,68,7,0,0,0,11,11,2,2,10,10,1,1,1,1,1,1,11,2,10,2
Bipolaris_oryzae,111,68,7,0,0,0,11,11,2,2,10,10,1,1,1,1,1,1,11,2,10,2
Bipolaris_sorokiniana,120,68,7,0,0,0,11,11,2,2,10,10,1,1,1,1,1,1,11,2,11,2
Bipolaris_victoriae,112,68,8,0,0,0,10,10,2,2,9,9,1,1,1,1,1,1,10,2,10,2
Bipolaris_zeicola,115,67,8,0,0,0,10,10,2,2,9,9,1,1,1,1,1,1,10,2,10,2
Blastomyces_dermatitidis,117,68,8,0,0,0,14,14,4,4,13,13,3,3,1,1,1,1,13,4,13,4
Blumeria_graminis,102,59,7,0,0,0,15,15,5,5,14,14,4,4,1,1,1,1,15,5,13,5
Boechera_stricta,451,228,31,0,0,0,108,108,41,41,96,96,37,37,12,12,4,4,48,24,34,20
Bombyx_mori,211,112,18,0,0,0,46,46,15,15,40,40,13,13,6,6,2,2,40,15,34,13
Bos_grunniens,395,219,30,0,0,0,150,150,117,117,127,127,97,97,20,20,17,17,80,79,54,52
Bos_taurus,385,215,31,0,0,0,141,141,115,115,117,117,96,96,21,21,16,16,79,85,56,57
Botryobasidium_botryosum,159,81,8,0,0,0,11,11,1,1,10,10,1,1,1,1,0,0,11,1,11,1
Botrytis_cinerea,120,71,7,0,0,0,17,17,4,4,16,16,3,3,1,1,1,1,16,4,15,4
Brachypodium_distachyon,477,233,26,0,0,0,92,92,23,23,81,81,21,21,11,11,2,2,38,12,29,10
Branchiostoma_floridae,1172,229,28,0,0,0,96,96,28,28,85,85,25,25,11,11,3,3,54,19,42,16
Brassica_oleracea,946,450,43,0,0,0,183,183,54,54,165,165,49,49,18,18,5,5,46,21,33,18
Brassica_rapa,733,387,35,0,0,0,173,173,47,47,154,154,42,42,19,19,5,5,47,19,33,16
Brettanomyces_bruxellensis,70,46,6,0,0,0,4,4,0,0,4,4,0,0,0,0,0,0,4,0,4,0
Brugia_malayi,221,126,27,0,0,0,45,44,8,7,38,37,8,7,7,7,0,0,30,7,27,7
Brugia_timori,174,103,18,0,0,0,26,25,2,1,23,22,2,1,3,3,0,0,22,2,19,2
Buceros_rhinoceros,241,134,21,0,0,0,85,85,54,54,68,68,42,42,14,14,11,11,60,46,47,35
Bursaphelenchus_xylophilus,197,100,23,0,0,0,34,33,4,3,28,27,4,3,6,6,0,0,30,4,26,4
Byssochlamys_spectabilis,105,63,7,0,0,0,14,14,3,3,13,13,2,2,1,1,1,1,13,3,13,3
Caenorhabditis_brenneri,316,164,36,0,0,0,68,66,38,36,55,53,30,28,13,13,8,8,41,26,35,23
Caenorhabditis_briggsae,266,124,28,7,6,0,51,50,30,29,44,43,27,26,7,7,3,3,43,29,36,25
Caenorhabditis_elegans,232,110,28,28,21,5,51,50,35,34,42,41,28,27,9,9,7,7,43,33,37,29
Caenorhabditis_japonica,474,130,30,0,0,0,53,53,25,25,45,45,23,23,8,8,2,2,41,23,37,21
Caenorhabditis_remanei,396,160,49,0,0,0,63,62,33,32,49,48,29,28,14,14,4,4,42,30,36,26
Callithrix_jacchus,499,297,39,0,0,0,216,216,167,167,186,186,145,145,27,27,19,19,82,86,55,59
Calypte_anna,298,163,28,0,0,0,105,105,74,74,83,83,59,59,19,19,13,13,69,58,50,44
Camponotus_floridanus,291,114,17,0,0,0,52,50,23,21,44,42,22,20,7,7,1,1,46,23,39,21
Candida_albicans,175,102,13,0,0,0,12,12,0,0,10,10,0,0,2,2,0,0,6,0,5,0
Candida_dubliniensis,96,57,7,0,0,0,6,6,0,0,6,6,0,0,0,0,0,0,5,0,4,0
Candida_glabrata,90,53,6,0,0,0,9,9,3,3,9,9,3,3,0,0,0,0,7,2,7,2
Candida_guilliermondii,79,47,5,0,0,0,6,6,0,0,6,6,0,0,0,0,0,0,5,0,4,0
Candida_lusitaniae,83,47,7,0,0,0,6,6,0,0,6,6,0,0,0,0,0,0,6,0,6,0
Candida_maltosa,85,53,7,0,0,0,7,7,0,0,7,7,0,0,0,0,0,0,6,0,5,0
Candida_orthopsilosis,86,52,6,0,0,0,8,8,0,0,7,7,0,0,1,1,0,0,7,0,6,0
Candida_parapsilosis,84,50,6,0,0,0,7,7,0,0,7,7,0,0,0,0,0,0,6,0,5,0
Candida_tenuis,77,51,7,0,0,0,6,6,0,0,6,6,0,0,0,0,0,0,5,0,5,0
Candida_tropicalis,86,50,6,0,0,0,8,8,0,0,8,8,0,0,0,0,0,0,7,0,6,0
Canis_familiaris,411,229,33,0,0,0,160,160,124,124,134,134,103,103,23,23,18,18,79,82,56,57
Cannabis_sativa,406,204,28,32,27,5,86,86,43,43,77,77,37,37,9,9,6,6,49,34,36,25
Capitella_teleta,402,155,18,0,0,0,46,45,15,14,40,39,14,13,6,6,1,1,41,15,35,13
Capronia_coronata,108,62,7,0,0,0,11,11,4,4,10,10,3,3,1,1,1,1,11,4,11,4
Capronia_epimyces,108,65,7,0,0,0,11,11,4,4,10,10,3,3,1,1,1,1,11,4,11,4
Capronia_semiimmersa,114,66,7,0,0,0,13,13,4,4,12,12,3,3,1,1,1,1,13,4,11,4
Capsaspora_owczarzaki,139,76,4,0,0,0,9,8,1,0,9,8,1,0,0,0,0,0,8,1,8,1
Capsella_grandiflora,449,233,26,0,0,0,98,98,39,39,88,88,35,35,10,10,4,4,47,23,34,18
Capsella_rubella,468,249,27,0,0,0,106,106,38,38,96,96,34,34,10,10,4,4,49,22,35,18
Carica_papaya,363,163,26,0,0,0,80,80,27,27,71,71,22,22,9,9,5,5,42,21,32,19
Cavia_porcellus,378,209,32,0,0,0,138,138,110,110,113,113,90,90,22,22,17,17,77,82,53,57
Ceriporiopsis_subvermispora,138,68,7,0,0,0,13,13,2,2,12,12,2,2,1,1,0,0,13,2,11,2
Chaetomium_globosum,152,65,6,0,0,0,16,16,4,4,15,15,3,3,1,1,1,1,15,4,14,4
Chaetomium_thermophilum,108,66,7,0,0,0,15,15,5,5,14,14,4,4,1,1,1,1,15,5,14,5
Chelonia_mydas,299,170,23,0,0,0,114,114,67,67,94,94,53,53,18,18,13,13,78,57,55,41
Chlamydomonas_reinhardtii,132,84,9,0,0,0,16,16,1,1,16,16,1,1,0,0,0,0,15,1,13,1
Chlorella_NC64A,173,94,13,0,0,0,16,16,2,2,16,16,2,2,0,0,0,0,16,2,14,2
Chlorella_vulgaris,143,84,9,0,0,0,16,16,2,2,16,16,2,2,0,0,0,0,15,2,15,2
Chlorocebus_sabaeus,380,211,34,0,0,0,141,141,118,118,113,113,95,95,25,25,20,20,76,84,55,58
Choloepus_hoffmanni,253,133,21,0,0,0,91,91,50,50,74,74,41,41,16,16,8,8,60,40,44,33
Chroomonas_mesostigmatica,6,3,1,0,0,0,0,0,0,0,0,0,0,0,0,0,0,0,0,0,0,0
Cicer_arietinum,490,228,39,0,0,0,104,104,40,40,93,93,32,32,11,11,8,8,47,25,34,20
Cimex_lectularius,226,104,20,0,0,0,53,51,20,18,43,41,18,16,10,10,2,2,47,18,38,16
Ciona_intestinalis,210,112,13,0,0,0,50,50,11,11,45,45,10,10,5,5,1,1,41,11,34,11
Ciona_savignyi,163,95,15,0,0,0,42,42,8,8,39,39,7,7,3,3,1,1,36,8,31,8
Citrullus_lanatus,337,173,23,0,0,0,89,89,33,33,81,81,29,29,8,8,4,4,49,23,36,16
Citrus_clementina,393,194,25,0,0,0,92,92,35,35,83,83,31,31,9,9,4,4,47,24,35,19
Citrus_sinensis,384,189,23,0,0,0,91,91,30,30,81,81,26,26,10,10,4,4,45,21,35,16
Cladophialophora_bantiana,112,68,7,0,0,0,11,11,4,4,10,10,3,3,1,1,1,1,11,4,11,4
Cladophialophora_carrionii,111,66,7,0,0,0,13,13,4,4,12,12,3,3,1,1,1,1,13,4,11,4
Cladophialophora_immunda,117,63,7,0,0,0,11,11,4,4,10,10,3,3,1,1,1,1,11,4,11,4
Cladophialophora_psammophila,114,68,7,0,0,0,13,12,4,3,12,11,3,2,1,1,1,1,11,4,10,4
Cladophialophora_yegresii,108,63,6,0,0,0,12,12,4,4,11,11,3,3,1,1,1,1,12,4,11,4
Claviceps_purpurea,115,61,7,0,0,0,15,15,2,2,14,14,1,1,1,1,1,1,15,2,13,2
Clavispora_lusitaniae,83,47,7,0,0,0,6,6,0,0,6,6,0,0,0,0,0,0,6,0,6,0
Clonorchis_sinensis,216,113,20,0,0,0,45,45,9,9,40,40,7,7,5,5,2,2,32,9,25,8
Coccidioides_immitis,111,66,7,0,0,0,13,13,4,4,12,12,3,3,1,1,1,1,13,4,12,4
Coccidioides_posadasii,115,66,7,0,0,0,13,13,4,4,12,12,3,3,1,1,1,1,13,4,12,4
Coccomyxa_subellipsoidea_C169,146,81,9,0,0,0,17,17,2,2,17,17,2,2,0,0,0,0,16,2,16,2
Cochliobolus_heterostrophus_C5,119,57,7,0,0,0,10,10,2,2,9,9,1,1,1,1,1,1,10,2,10,2
Colletotrichum_fioriniae,110,65,7,0,0,0,15,15,4,4,14,14,3,3,1,1,1,1,14,4,13,4
Colletotrichum_gloeosporioides,109,63,7,0,0,0,15,15,4,4,14,14,3,3,1,1,1,1,14,4,13,4
Colletotrichum_graminicola,110,65,8,0,0,0,14,14,4,4,13,13,3,3,1,1,1,1,13,4,12,4
Colletotrichum_higginsianum,116,66,9,0,0,0,18,18,2,2,17,17,1,1,1,1,1,1,15,2,14,2
Colletotrichum_orbiculare,109,63,8,0,0,0,13,13,3,3,12,12,2,2,1,1,1,1,13,3,11,3
Colletotrichum_sublineola,106,62,8,0,0,0,14,14,4,4,13,13,3,3,1,1,1,1,13,4,12,4
Coniosporium_apollinis,113,66,7,0,0,0,13,13,2,2,12,12,1,1,1,1,1,1,13,2,11,2
Coprinopsis_cinerea,142,77,7,0,0,0,14,14,1,1,13,13,1,1,1,1,0,0,14,1,13,1
Cordyceps_militaris,101,60,7,0,0,0,13,13,3,3,12,12,2,2,1,1,1,1,13,3,11,3
Crassostrea_gigas,1024,132,21,0,0,0,45,44,18,17,38,37,15,14,7,7,3,3,35,17,30,15
Cryphonectria_parasitica,107,70,9,0,0,0,15,15,4,4,14,14,3,3,1,1,1,1,14,4,13,4
Cryptococcus_gattii,109,65,7,0,0,0,6,6,0,0,5,5,0,0,1,1,0,0,6,0,6,0
Cryptococcus_neoformans,114,66,7,0,0,0,7,7,0,0,6,6,0,0,1,1,0,0,7,0,7,0
Cryptosporidium_hominis,68,41,6,0,0,0,3,3,0,0,3,3,0,0,0,0,0,0,3,0,3,0
Cryptosporidium_muris,86,52,6,0,0,0,3,3,0,0,3,3,0,0,0,0,0,0,3,0,3,0
Cryptosporidium_parvum,78,48,6,0,0,0,5,5,0,0,5,5,0,0,0,0,0,0,5,0,5,0
Cucumis_sativus,331,164,23,0,0,0,86,86,34,34,76,76,29,29,10,10,5,5,48,23,37,18
Culex_pipiens,387,239,25,0,0,0,55,53,28,26,44,42,25,23,10,10,3,3,41,26,38,22
Culex_quinquefasciatus,299,179,26,0,0,0,56,54,29,27,44,42,25,23,11,11,4,4,42,27,38,22
Cyanidioschyzon_merolae,54,29,3,0,0,0,3,3,0,0,3,3,0,0,0,0,0,0,2,0,2,0
Cylicostephanus_goldi,101,53,14,0,0,0,12,12,1,1,10,10,1,1,2,2,0,0,12,1,12,1
Cyphellophora_europaea,112,67,7,0,0,0,13,13,4,4,12,12,3,3,1,1,1,1,13,4,11,4
Dacryopinax_sp,109,66,7,0,0,0,12,12,1,1,11,11,1,1,1,1,0,0,12,1,11,1
Dactylellina_haptotyla,115,70,8,0,0,0,14,14,4,4,13,13,3,3,1,1,1,1,13,4,12,4
Danaus_plexippus,237,119,18,0,0,0,56,55,24,23,46,45,23,22,9,9,1,1,44,22,36,20
Danio_rerio,478,258,35,11,9,2,157,157,117,117,131,131,95,95,23,23,19,19,70,73,50,48
Daphnia_pulex,474,169,48,0,0,0,49,47,22,20,42,40,19,17,7,7,3,3,43,21,36,19
Dasypus_novemcinctus,481,279,44,0,0,0,204,204,132,132,169,169,111,111,32,32,18,18,79,77,54,53
Debaryomyces_hansenii,95,54,6,0,0,0,8,8,0,0,7,7,0,0,1,1,0,0,7,0,6,0
Dendroctonus_ponderosae,214,117,17,0,0,0,48,47,22,21,40,39,20,19,7,7,2,2,42,22,37,20
Dichomitus_squalens,68,38,6,0,0,0,4,4,1,1,4,4,1,1,0,0,0,0,4,1,4,1
Dictyocaulus_viviparus,172,99,25,0,0,0,45,44,12,11,39,38,10,9,6,6,2,2,31,10,26,9
Dictyostelium_discoideum,143,91,4,4,4,0,11,11,4,4,11,11,4,4,0,0,0,0,9,4,8,4
Dictyostelium_purpureum,141,82,3,0,0,0,11,11,4,4,11,11,4,4,0,0,0,0,11,4,10,4
Diphyllobothrium_latum,230,175,15,0,0,0,27,27,3,3,24,24,2,2,3,3,1,1,21,3,19,3
Dipodomys_ordii,295,162,23,0,0,0,110,110,61,61,91,91,52,52,16,16,8,8,73,54,53,42
Dirofilaria_immitis,219,125,25,0,0,0,44,43,6,5,38,37,6,5,6,6,0,0,33,6,28,6
Dothistroma_septosporum,115,73,8,0,0,0,14,14,1,1,13,13,0,0,1,1,1,1,14,1,12,1
Dracunculus_medinensis,149,87,12,0,0,0,27,25,6,4,21,20,5,4,6,5,1,0,23,6,21,6
Drechslerella_stenobrocha,74,41,7,0,0,0,12,12,3,3,11,11,2,2,1,1,1,1,12,3,11,3
Drosophila_ananassae,212,123,23,0,0,0,73,72,50,49,60,59,42,41,13,13,8,8,59,49,50,37
Drosophila_erecta,215,128,23,0,0,0,76,75,52,51,63,62,44,43,13,13,8,8,62,51,50,40
Drosophila_grimshawi,213,126,24,0,0,0,68,66,50,48,55,53,42,40,13,13,8,8,57,48,49,37
Drosophila_melanogaster,237,132,26,61,45,8,77,76,58,57,61,60,49,48,15,15,8,8,62,55,50,42
Drosophila_mojavensis,208,126,22,0,0,0,68,67,50,49,56,55,43,42,12,12,7,7,57,49,48,37
Drosophila_persimilis,239,115,20,0,0,0,65,64,39,38,53,52,30,29,12,12,9,9,55,37,47,28
Drosophila_pseudoobscura,232,122,22,0,0,0,66,65,44,43,54,53,37,36,12,12,7,7,55,44,47,33
Drosophila_sechellia,220,133,27,0,0,0,80,79,51,50,62,61,43,42,18,18,8,8,60,50,49,39
Drosophila_simulans,195,120,25,0,0,0,74,74,43,43,57,57,35,35,17,17,8,8,59,43,50,36
Drosophila_virilis,214,127,25,0,0,0,67,65,47,45,54,52,39,37,12,12,7,7,57,46,48,36
Drosophila_willistoni,229,136,24,0,0,0,75,74,49,48,62,61,41,40,13,13,8,8,60,46,51,36
Drosophila_yakuba,214,127,23,0,0,0,74,73,52,51,61,60,44,43,13,13,8,8,61,51,50,40
Echinococcus_canadensis,204,130,20,0,0,0,30,30,7,7,28,28,6,6,2,2,1,1,26,7,23,6
Echinococcus_multilocularis,218,134,21,0,0,0,32,32,6,6,30,30,5,5,2,2,1,1,27,6,24,5
Echinops_telfairi,330,189,24,0,0,0,131,131,72,72,112,112,60,60,16,16,11,11,68,54,46,42
Echinostoma_caproni,152,88,11,0,0,0,21,21,3,3,20,20,3,3,1,1,0,0,18,3,16,3
Edhazardia_aedis,44,14,2,0,0,0,0,0,0,0,0,0,0,0,0,0,0,0,0,0,0,0
Eimeria_tenella,140,82,7,0,0,0,8,8,0,0,8,8,0,0,0,0,0,0,6,0,6,0
Elaeophora_elaphi,169,95,18,0,0,0,31,30,6,5,27,26,6,5,4,4,0,0,25,6,21,6
Emiliania_huxleyi,507,151,32,0,0,0,16,16,0,0,16,16,0,0,0,0,0,0,10,0,8,0
Encephalitozoon_cuniculi,41,22,5,0,0,0,1,1,0,0,1,1,0,0,0,0,0,0,1,0,1,0
Encephalitozoon_hellem,38,19,5,0,0,0,1,1,0,0,1,1,0,0,0,0,0,0,1,0,1,0
Encephalitozoon_intestinalis,41,22,5,0,0,0,1,1,0,0,1,1,0,0,0,0,0,0,1,0,1,0
Encephalitozoon_romaleae,41,22,5,0,0,0,0,0,0,0,0,0,0,0,0,0,0,0,0,0,0,0
Endocarpon_pusillum,113,62,6,0,0,0,11,11,4,4,10,10,3,3,1,1,1,1,11,4,10,4
Entamoeba_dispar,123,75,5,0,0,0,0,0,0,0,0,0,0,0,0,0,0,0,0,0,0,0
Entamoeba_histolytica,117,68,5,0,0,0,0,0,0,0,0,0,0,0,0,0,0,0,0,0,0,0
Entamoeba_invadens,156,87,3,0,0,0,1,1,0,0,1,1,0,0,0,0,0,0,1,0,1,0
Enterobius_vermicularis,184,103,16,0,0,0,39,39,5,5,32,32,5,5,7,7,0,0,30,4,29,4
Enterocytozoon_bieneusi,58,23,17,0,0,0,6,6,0,0,6,6,0,0,0,0,0,0,1,0,1,0
Equus_caballus,345,187,29,0,0,0,123,123,94,94,100,100,76,76,20,20,15,15,76,74,54,52
Eremothecium_cymbalariae,81,47,6,0,0,0,7,7,2,2,7,7,2,2,0,0,0,0,7,2,7,2
Erinaceus_europaeus,265,143,20,0,0,0,100,100,45,45,84,84,40,40,13,13,5,5,63,38,48,31
Erysiphe_necator,127,56,6,0,0,0,10,10,3,3,10,10,3,3,0,0,0,0,10,3,9,3
Eucalyptus_grandis,447,215,22,0,0,0,100,100,44,44,91,91,40,40,9,9,4,4,48,26,35,21
Eutrema_salsugineum,488,230,29,0,0,0,100,100,38,38,90,90,35,35,10,10,3,3,45,22,34,18
Eutypa_lata,101,66,7,0,0,0,12,12,3,3,11,11,2,2,1,1,1,1,11,3,11,3
Exophiala_aquamarina,110,68,7,0,0,0,12,12,4,4,11,11,3,3,1,1,1,1,12,4,11,4
Exophiala_dermatitidis,109,66,7,0,0,0,11,11,4,4,10,10,3,3,1,1,1,1,11,4,11,4
Exophiala_mesophila,108,64,8,0,0,0,12,12,4,4,11,11,3,3,1,1,1,1,12,4,11,4
Exophiala_oligosperma,110,69,7,0,0,0,11,11,4,4,10,10,3,3,1,1,1,1,11,4,10,4
Exophiala_sideris,109,65,7,0,0,0,11,11,4,4,10,10,3,3,1,1,1,1,11,4,9,4
Exophiala_spinifera,114,68,8,0,0,0,11,11,4,4,10,10,3,3,1,1,1,1,11,4,10,4
Exophiala_xenobiotica,113,68,7,0,0,0,12,12,4,4,11,11,3,3,1,1,1,1,12,4,10,4
Fasciola_hepatica,199,116,27,0,0,0,32,32,3,3,29,29,2,2,3,3,1,1,22,3,20,3
Felis_catus,412,209,31,0,0,0,144,144,112,112,119,119,93,93,22,22,17,17,79,82,57,56
Fibroporia_radiculosa,121,71,7,0,0,0,14,14,2,2,13,13,2,2,1,1,0,0,14,2,13,2
Ficedula_albicollis,309,165,25,0,0,0,103,103,79,79,84,84,64,64,16,16,13,13,69,66,49,45
Fomitopsis_pinicola,137,76,7,0,0,0,13,13,1,1,12,12,1,1,1,1,0,0,13,1,12,1
Fonsecaea_pedrosoi,119,69,8,0,0,0,11,11,4,4,10,10,3,3,1,1,1,1,11,4,11,4
Fragaria_vesca,489,218,23,0,0,0,95,95,38,38,86,86,33,33,9,9,5,5,45,26,34,20
Fragilariopsis_cylindrus,163,80,11,0,0,0,5,5,0,0,5,5,0,0,0,0,0,0,5,0,5,0
Fusarium_fujikuroi,120,70,8,0,0,0,15,15,4,4,14,14,3,3,1,1,1,1,14,4,13,4
Fusarium_graminearum,123,67,7,0,0,0,16,16,4,4,15,15,3,3,1,1,1,1,16,4,14,4
Fusarium_oxysporum,113,65,7,0,0,0,14,14,4,4,13,13,3,3,1,1,1,1,14,4,13,4
Fusarium_pseudograminearum,118,66,7,0,0,0,16,16,4,4,15,15,3,3,1,1,1,1,16,4,14,4
Fusarium_solani,107,66,8,0,0,0,15,15,4,4,14,14,3,3,1,1,1,1,14,4,13,4
Fusarium_verticillioides,109,64,8,0,0,0,15,15,3,3,14,14,2,2,1,1,1,1,14,3,13,3
Gadus_morhua,400,218,35,0,0,0,143,143,91,91,114,114,72,72,26,26,17,17,70,65,49,47
Gaeumannomyces_graminis,113,64,8,0,0,0,14,14,4,4,13,13,3,3,1,1,1,1,13,4,12,4
Galerina_marginata,163,77,7,0,0,0,14,14,2,2,13,13,2,2,1,1,0,0,13,2,12,2
Gallus_gallus,310,167,28,5,5,0,107,107,81,81,85,85,64,64,19,19,14,14,68,63,48,43
Gasterosteus_aculeatus,413,218,38,0,0,0,152,152,106,106,122,122,83,83,27,27,21,21,74,73,51,48
Geospiza_fortis,298,165,25,0,0,0,102,102,74,74,82,82,58,58,17,17,14,14,66,60,47,42
Giardia_lamblia,38,18,2,0,0,0,0,0,0,0,0,0,0,0,0,0,0,0,0,0,0,0
Glarea_lozoyensis,78,53,5,0,0,0,11,11,4,4,10,10,3,3,1,1,1,1,11,4,11,4
Globodera_pallida,270,104,20,0,0,0,30,30,2,2,24,24,2,2,6,6,0,0,25,2,23,2
Gloeophyllum_trabeum,150,81,7,0,0,0,14,14,2,2,13,13,2,2,1,1,0,0,14,2,14,2
Glycine_max,989,522,67,0,0,0,215,215,89,89,189,189,72,72,26,26,17,17,49,28,38,22
Gongylonema_pulchrum,256,152,43,0,0,0,41,41,5,5,34,34,5,5,7,7,0,0,30,4,26,4
Gorilla_gorilla,394,223,32,0,0,0,149,149,114,114,122,122,94,94,23,23,16,16,75,80,54,56
Gossypium_raimondii,626,313,38,0,0,0,172,172,71,71,154,154,61,61,18,18,10,10,48,26,36,20
Grosmannia_clavigera,104,62,8,0,0,0,17,17,2,2,16,16,1,1,1,1,1,1,17,2,15,2
Guillardia_theta,277,144,29,0,0,0,12,12,0,0,12,12,0,0,0,0,0,0,9,0,7,0
Gymnopus_luxurians,114,44,4,0,0,0,6,6,0,0,6,6,0,0,0,0,0,0,6,0,5,0
Haemonchus_contortus,325,171,37,0,0,0,59,58,19,18,49,48,17,16,10,10,2,2,31,11,26,10
Haemonchus_placei,179,89,26,0,0,0,32,31,9,8,25,24,7,6,7,7,2,2,27,8,23,8
Halyomorpha_halys,201,106,21,0,0,0,59,59,18,18,50,50,16,16,8,8,2,2,45,15,38,15
Harpegnathos_saltator,332,117,18,0,0,0,48,46,22,20,40,38,19,17,7,7,3,3,43,22,36,21
Hebeloma_cylindrosporum,144,80,7,0,0,0,14,14,2,2,13,13,2,2,1,1,0,0,14,2,12,2
Heliconius_melpomene,200,110,18,0,0,0,50,49,14,13,41,40,13,12,8,8,1,1,41,14,35,14
Heligmosomoides_bakeri,223,106,8,0,0,0,27,26,3,2,24,23,3,2,3,3,0,0,22,3,20,3
Helobdella_robusta,442,208,39,0,0,0,89,88,13,12,77,76,12,11,12,12,1,1,45,11,37,8
Hemiselmis_andersenii,7,4,1,0,0,0,0,0,0,0,0,0,0,0,0,0,0,0,0,0,0,0
Heterobasidion_annosum,157,74,7,0,0,0,14,14,2,2,13,13,2,2,1,1,0,0,14,2,12,2
Heterobasidion_irregulare,233,78,7,0,0,0,15,15,2,2,14,14,2,2,1,1,0,0,14,2,12,2
Heterorhabditis_bacteriophora,125,68,15,0,0,0,21,21,0,0,17,17,0,0,4,4,0,0,18,0,16,0
Histoplasma_capsulatum,112,68,9,0,0,0,11,11,4,4,10,10,3,3,1,1,1,1,11,4,11,4
Homo_sapiens,461,253,34,93,67,14,156,156,135,135,131,131,113,113,23,23,20,20,78,87,56,58
Hordeum_vulgare,355,174,28,0,0,0,61,61,11,11,54,54,9,9,7,7,2,2,29,8,24,7
Hyaloperonospora_arabidopsidis,157,77,6,0,0,0,12,12,0,0,12,12,0,0,0,0,0,0,11,0,11,0
Hydatigera_taeniaeformis,168,107,17,0,0,0,27,27,5,5,24,24,4,4,3,3,1,1,24,5,21,5
Hydnomerulius_pinastri,70,37,0,0,0,0,3,3,0,0,3,3,0,0,0,0,0,0,2,0,2,0
Hydra_magnipapillata,293,161,16,0,0,0,46,45,9,8,41,40,7,6,5,5,2,2,33,8,27,8
Hymenolepis_diminuta,168,107,18,0,0,0,19,19,4,4,18,18,4,4,1,1,0,0,16,4,16,4
Hymenolepis_microstoma,204,121,22,0,0,0,30,30,5,5,27,27,4,4,3,3,1,1,23,5,20,4
Hymenolepis_nana,200,117,22,0,0,0,31,31,7,7,29,29,5,5,2,2,2,2,25,7,22,6
Ictidomys_tridecemlineatus,377,215,30,0,0,0,145,145,104,104,121,121,89,89,21,21,15,15,81,75,55,56
Ixodes_scapularis,214,103,12,0,0,0,36,35,10,9,32,31,10,9,3,3,0,0,34,9,30,9
Jaapia_argillacea,158,81,8,0,0,0,16,16,2,2,15,15,2,2,1,1,0,0,14,2,13,2
Kazachstania_africana,85,49,7,0,0,0,7,7,2,2,7,7,2,2,0,0,0,0,6,2,6,2
Kazachstania_naganishii,81,48,7,0,0,0,7,7,2,2,7,7,2,2,0,0,0,0,6,2,6,2
Kluyveromyces_lactis,81,46,8,0,0,0,7,7,1,1,7,7,1,1,0,0,0,0,7,1,7,1
Kluyveromyces_thermotolerans,90,51,7,0,0,0,7,7,2,2,7,7,2,2,0,0,0,0,7,2,7,2
Kluyveromyces_waltii,92,48,6,0,0,0,7,7,1,1,7,7,1,1,0,0,0,0,7,1,7,1
Komagataella_pastoris,85,53,5,0,0,0,6,6,0,0,6,6,0,0,0,0,0,0,5,0,5,0
Kuraishia_capsulata,97,61,7,0,0,0,7,7,0,0,7,7,0,0,0,0,0,0,6,0,6,0
Laccaria_amethystina,167,86,8,0,0,0,16,16,2,2,15,15,2,2,1,1,0,0,14,2,12,2
Laccaria_bicolor,144,68,7,0,0,0,12,12,2,2,11,11,2,2,1,1,0,0,11,2,9,2
Lachancea_kluyveri,87,50,6,0,0,0,10,10,2,2,10,10,2,2,0,0,0,0,9,2,9,2
Lachancea_lanzarotensis,88,51,6,0,0,0,7,7,1,1,7,7,1,1,0,0,0,0,7,1,6,1
Lachancea_thermotolerans,90,51,7,0,0,0,7,7,2,2,7,7,2,2,0,0,0,0,7,2,7,2
Latimeria_chalumnae,383,187,32,0,0,0,121,121,82,82,98,98,65,65,21,21,16,16,76,65,53,48
Leersia_perrieri,434,232,27,0,0,0,95,95,23,23,84,84,21,21,11,11,2,2,39,15,29,12
Leishmania_braziliensis,157,80,5,0,0,0,30,30,24,24,29,29,23,23,1,1,1,1,23,22,21,19
Leishmania_infantum,158,83,3,0,0,0,30,30,23,23,29,29,22,22,1,1,1,1,23,21,21,18
Leishmania_major,152,83,3,21,19,1,30,30,23,23,29,29,22,22,1,1,1,1,25,21,22,18
Leishmania_mexicana,157,80,4,0,0,0,30,30,24,24,29,29,23,23,1,1,1,1,23,22,21,19
Lepisosteus_oculatus,383,183,32,0,0,0,120,120,84,84,97,97,66,66,20,20,15,15,74,63,51,46
Leptinotarsa_decemlineata,346,159,24,0,0,0,61,59,23,21,52,50,20,18,9,9,3,3,43,19,35,17
Leptosphaeria_maculans,110,64,7,0,0,0,13,13,1,1,12,12,1,1,1,1,0,0,13,1,12,1
Linum_usitatissimum,701,381,47,0,0,0,170,170,58,58,150,150,49,49,20,20,9,9,47,21,34,18
Litomosoides_sigmodontis,213,118,22,0,0,0,44,43,9,8,38,37,9,8,6,6,0,0,32,8,28,8
Loa_loa,207,113,23,0,0,0,41,40,8,7,35,34,8,7,6,6,0,0,33,8,28,8
Lodderomyces_elongisporus,92,53,7,0,0,0,4,4,0,0,4,4,0,0,0,0,0,0,4,0,4,0
Lottia_gigantea,313,137,18,0,0,0,49,48,17,16,43,42,15,14,6,6,2,2,42,15,34,13
Lotus_japonicus,576,291,37,0,0,0,93,93,25,25,81,81,21,21,12,12,4,4,39,18,30,16
Loxodonta_africana,377,211,31,0,0,0,135,135,105,105,112,112,87,87,20,20,15,15,80,81,54,57
Lucilia_cuprina,314,136,21,0,0,0,69,68,34,33,59,58,30,29,9,9,3,3,51,32,45,24
Lutzomyia_longipalpis,183,90,17,0,0,0,43,42,17,16,37,36,15,14,6,6,2,2,38,16,32,15
Macaca_fascicularis,403,229,34,0,0,0,154,154,111,111,127,127,93,93,23,23,15,15,79,80,54,53
Macaca_mulatta,417,245,36,0,0,0,171,171,129,129,145,145,110,110,23,23,16,16,77,78,53,53
Macrophomina_phaseolina,119,66,8,0,0,0,12,12,2,2,11,11,1,1,1,1,1,1,11,2,10,2
Macropus_eugenii,286,160,25,0,0,0,104,104,59,59,86,86,52,52,16,16,7,7,66,50,47,36
Magnaporthe_oryzae,136,66,7,0,0,0,15,15,5,5,14,14,4,4,1,1,1,1,14,5,13,5
Magnaporthe_poae,96,52,7,0,0,0,12,12,3,3,11,11,2,2,1,1,1,1,12,3,10,3
Malassezia_globosa,88,50,6,0,0,0,8,8,0,0,7,7,0,0,1,1,0,0,8,0,8,0
Malassezia_sympodialis,72,42,6,0,0,0,6,6,0,0,6,6,0,0,0,0,0,0,6,0,6,0
Malus_domestica,970,466,71,0,0,0,235,235,67,67,204,204,54,54,31,31,13,13,49,30,36,22
Manihot_esculenta,877,417,65,0,0,0,235,235,88,88,206,206,75,75,29,29,13,13,46,25,34,20
Marssonina_brunnea,114,66,8,0,0,0,14,14,3,3,13,13,2,2,1,1,1,1,14,3,11,3
Medicago_truncatula,521,278,39,0,0,0,120,120,49,49,102,102,37,37,18,18,12,12,48,27,34,21
Megaselia_scalaris,106,58,12,0,0,0,26,25,9,8,21,20,7,6,5,5,2,2,24,9,21,9
Melampsora_laricipopulina,146,80,9,0,0,0,13,13,1,1,12,12,1,1,1,1,0,0,12,1,10,1
Meleagris_gallopavo,278,155,24,3,3,0,99,99,68,68,79,79,57,57,17,17,9,9,69,55,50,40
Melitaea_cinxia,175,93,19,0,0,0,36,36,7,7,32,32,7,7,4,4,0,0,33,7,29,7
Meloidogyne_floridensis,326,174,35,0,0,0,40,40,3,3,32,32,2,2,8,8,1,1,28,3,22,3
Meloidogyne_hapla,239,110,25,0,0,0,26,25,3,2,23,22,3,2,3,3,0,0,24,3,21,3
Meloidogyne_incognita,315,149,33,0,0,0,47,44,9,6,43,40,8,5,4,4,1,1,24,5,20,5
Mesocestoides_corti,178,99,17,0,0,0,26,26,5,5,24,24,4,4,2,2,1,1,25,5,20,5
Metarhizium_acridum,105,58,7,0,0,0,13,13,4,4,12,12,3,3,1,1,1,1,13,4,12,4
Metarhizium_album,105,60,7,0,0,0,14,14,4,4,13,13,3,3,1,1,1,1,13,4,12,4
Metarhizium_anisopliae,113,62,7,0,0,0,16,16,4,4,15,15,3,3,1,1,1,1,15,4,14,4
Metarhizium_brunneum,110,59,6,0,0,0,15,15,4,4,14,14,3,3,1,1,1,1,14,4,13,4
Metarhizium_guizhouense,121,64,7,0,0,0,15,15,4,4,14,14,3,3,1,1,1,1,14,4,13,4
Metarhizium_majus,113,58,7,0,0,0,16,16,4,4,15,15,3,3,1,1,1,1,15,4,14,4
Metarhizium_robertsii,118,64,7,0,0,0,15,15,4,4,14,14,3,3,1,1,1,1,14,4,13,4
Meyerozyma_guilliermondii,79,47,5,0,0,0,6,6,0,0,6,6,0,0,0,0,0,0,5,0,4,0
Microbotryum_violaceum,121,70,6,0,0,0,10,10,0,0,9,9,0,0,1,1,0,0,10,0,9,0
Microcebus_murinus,286,157,25,0,0,0,111,111,60,60,92,92,50,50,16,16,8,8,67,50,51,44
Micromonas_pusilla,188,88,26,0,0,0,12,12,1,1,12,12,1,1,0,0,0,0,12,1,12,1
Micromonas_sp_RCC299,186,83,22,0,0,0,10,10,1,1,10,10,1,1,0,0,0,0,10,1,10,1
Microsporidia_sp,69,42,5,0,0,0,5,5,0,0,5,5,0,0,0,0,0,0,5,0,5,0
Microsporum_canis,105,65,7,0,0,0,13,13,3,3,12,12,2,2,1,1,1,1,13,3,12,3
Microsporum_gypseum,112,69,7,0,0,0,11,11,3,3,10,10,2,2,1,1,1,1,11,3,10,3
Millerozyma_farinosa,176,109,11,0,0,0,14,14,0,0,14,14,0,0,0,0,0,0,5,0,5,0
Mimulus_guttatus,484,255,27,0,0,0,118,118,41,41,106,106,34,34,12,12,7,7,44,20,34,18
Mixia_osmundae,116,73,7,0,0,0,10,10,0,0,9,9,0,0,1,1,0,0,9,0,9,0
Mnemiopsis_leidyi,320,142,45,0,0,0,23,23,5,5,22,22,5,5,1,1,0,0,23,5,19,5
Moniliophthora_perniciosa,87,44,3,0,0,0,5,5,0,0,5,5,0,0,0,0,0,0,5,0,5,0
Moniliophthora_roreri,299,90,7,0,0,0,15,15,2,2,14,14,2,2,1,1,0,0,14,2,13,2
Monodelphis_domestica,400,216,32,3,3,0,145,145,108,108,118,118,88,88,24,24,18,18,78,76,56,56
Monosiga_brevicollis,137,78,10,0,0,0,13,12,1,0,13,12,1,0,0,0,0,0,11,1,11,1
Mucor_circinelloides,187,100,15,0,0,0,16,15,1,0,14,13,1,0,2,2,0,0,11,1,11,1
Mus_musculus,424,245,33,5,2,3,140,140,120,120,115,115,98,98,22,22,19,19,77,85,55,58
Musa_acuminata,614,332,39,0,0,0,165,165,54,54,146,146,48,48,19,19,6,6,42,19,32,13
Musca_domestica,231,129,23,0,0,0,69,68,43,42,58,57,35,34,10,10,7,7,54,37,46,31
Mustela_putorius_furo,388,219,34,0,0,0,155,155,129,129,130,130,109,109,22,22,18,18,77,85,55,58
Myceliophthora_thermophila,106,63,7,0,0,0,15,15,5,5,14,14,4,4,1,1,1,1,15,5,14,5
Mycosphaerella_fijiensis,99,62,8,0,0,0,12,12,2,2,11,11,1,1,1,1,1,1,12,2,10,2
Mycosphaerella_graminicola,101,60,7,0,0,0,15,15,2,2,14,14,1,1,1,1,1,1,15,2,13,2
Myotis_brandtii,445,271,35,0,0,0,175,174,112,111,148,147,95,94,23,23,15,15,83,81,56,56
Myotis_lucifugus,448,270,33,0,0,0,155,155,119,119,130,130,101,101,21,21,16,16,80,79,56,54
Naegleria_gruberi,324,69,10,1,1,0,5,5,1,1,5,5,1,1,0,0,0,0,5,1,5,1
Nasonia_vitripennis,379,143,20,0,0,0,47,47,25,25,38,38,22,22,8,8,3,3,44,24,38,21
Naumovozyma_castellii,94,50,9,0,0,0,9,9,3,3,9,9,3,3,0,0,0,0,6,2,6,2
Naumovozyma_dairenensis,102,50,9,0,0,0,8,8,3,3,8,8,3,3,0,0,0,0,6,2,6,2
Necator_americanus,192,113,18,0,0,0,47,46,14,13,41,40,12,11,6,6,2,2,33,11,27,9
Nectria_haematococca,107,66,8,0,0,0,15,15,4,4,14,14,3,3,1,1,1,1,14,4,13,4
Nematocida_parisii_ertm1,34,15,2,0,0,0,0,0,0,0,0,0,0,0,0,0,0,0,0,0,0,0
Nematocida_sp,33,14,2,0,0,0,0,0,0,0,0,0,0,0,0,0,0,0,0,0,0,0
Nematostella_vectensis,324,160,24,3,2,1,58,58,15,15,47,47,12,12,11,11,3,3,46,15,36,14
Neofusicoccum_parvum,108,66,8,0,0,0,14,14,4,4,13,13,3,3,1,1,1,1,14,4,12,4
Neosartorya_fischeri,109,68,5,0,0,0,14,14,4,4,13,13,3,3,1,1,1,1,14,4,13,4
Neospora_caninum,147,86,11,0,0,0,6,6,0,0,6,6,0,0,0,0,0,0,6,0,6,0
Neurospora_crassa,116,70,8,6,5,0,16,16,7,7,14,14,6,6,2,2,1,1,15,7,13,7
Neurospora_discreta,110,69,8,0,0,0,14,14,6,6,13,13,5,5,1,1,1,1,14,6,13,6
Neurospora_tetrasperma,113,68,8,0,0,0,15,15,6,6,13,13,5,5,2,2,1,1,14,6,13,6
Nippostrongylus_brasiliensis,234,110,22,0,0,0,36,35,8,7,30,29,7,6,6,6,1,1,27,6,23,6
Nomascus_leucogenys,360,195,29,0,0,0,128,128,102,102,105,105,82,82,20,20,17,17,78,80,57,56
Nosema_apis,32,14,0,0,0,0,0,0,0,0,0,0,0,0,0,0,0,0,0,0,0,0
Nosema_bombycis,50,26,4,0,0,0,1,1,0,0,1,1,0,0,0,0,0,0,1,0,1,0
Nosema_ceranae,29,12,2,0,0,0,1,1,0,0,1,1,0,0,0,0,0,0,1,0,1,0
Ochotona_princeps,339,155,29,0,0,0,107,107,62,62,86,86,49,49,19,19,13,13,72,56,50,42
Octopus_bimaculoides,312,142,18,0,0,0,46,46,11,11,40,40,10,10,6,6,1,1,40,11,33,9
Oesophagostomum_dentatum,225,114,23,0,0,0,38,38,9,9,30,30,6,6,8,8,3,3,27,9,25,9
Ogataea_parapolymorpha,93,58,7,0,0,0,7,7,0,0,6,6,0,0,1,1,0,0,7,0,6,0
Oidiodendron_maius,112,65,8,0,0,0,12,12,4,4,11,11,3,3,1,1,1,1,12,4,10,4
Oikopleura_dioica,316,166,32,0,0,0,29,28,4,3,27,26,3,2,2,2,1,1,26,4,21,4
Onchocerca_flexuosa,214,125,26,0,0,0,37,37,2,2,31,31,2,2,6,6,0,0,28,2,23,2
Onchocerca_ochengi,243,137,25,0,0,0,48,47,8,7,42,41,8,7,6,6,0,0,33,8,27,8
Onchocerca_volvulus,210,113,22,0,0,0,44,43,8,7,38,37,8,7,6,6,0,0,35,8,29,8
Ophiocordyceps_sinensis,95,53,6,0,0,0,12,12,4,4,11,11,3,3,1,1,1,1,12,4,12,4
Ophiostoma_piceae_uamh,104,61,7,0,0,0,13,13,2,2,12,12,1,1,1,1,1,1,12,2,11,2
Ophisaurus_gracilis,307,175,28,0,0,0,113,113,67,67,92,92,54,54,18,18,11,11,71,57,52,41
Opisthorchis_viverrini,208,119,21,0,0,0,42,42,8,8,38,38,6,6,4,4,2,2,32,8,26,7
Ordospora_colligata,42,21,5,0,0,0,0,0,0,0,0,0,0,0,0,0,0,0,0,0,0,0
Oreochromis_niloticus,421,227,38,0,0,0,155,155,118,118,124,124,97,97,28,28,18,18,70,75,50,49
Ornithorhynchus_anatinus,311,180,25,0,0,0,119,119,63,63,100,100,52,52,16,16,9,9,73,59,54,45
Oryctolagus_cuniculus,409,220,40,0,0,0,155,155,124,124,124,124,104,104,28,28,17,17,72,81,54,56
Oryza_barthii,470,244,28,0,0,0,91,91,15,15,79,79,14,14,12,12,1,1,38,12,29,10
Oryza_brachyantha,432,217,25,0,0,0,87,87,22,22,76,76,20,20,11,11,2,2,40,13,30,11
Oryza_glaberrima,459,243,23,0,0,0,88,88,23,23,79,79,22,22,9,9,1,1,42,14,31,11
Oryza_glumaepatula,484,259,27,0,0,0,94,94,20,20,81,81,18,18,13,13,2,2,40,14,31,12
Oryza_indica,635,276,31,0,0,0,98,98,20,20,84,84,18,18,14,14,2,2,40,13,31,11
Oryza_longistaminata,372,195,23,0,0,0,73,73,14,14,62,62,13,13,11,11,1,1,32,12,27,10
Oryza_meridionalis,442,237,24,0,0,0,79,79,15,15,70,70,13,13,9,9,2,2,38,12,30,11
Oryza_nivara,478,250,29,0,0,0,92,92,18,18,80,80,16,16,12,12,2,2,37,12,28,10
Oryza_punctata,489,253,26,0,0,0,95,95,20,20,84,84,18,18,11,11,2,2,37,13,28,12
Oryza_rufipogon,492,261,29,0,0,0,89,89,19,19,77,77,17,17,12,12,2,2,40,13,31,11
Oryza_sativa,451,229,28,0,0,0,91,91,25,25,81,81,23,23,10,10,2,2,42,14,32,11
Oryzias_latipes,397,220,30,0,0,0,147,147,98,98,122,122,79,79,23,23,17,17,73,73,52,48
Ostreococcus_RCC809,137,62,18,0,0,0,11,10,3,2,10,9,2,1,1,1,1,1,10,3,10,3
Ostreococcus_lucimarinus,132,64,17,0,0,0,14,13,2,1,13,12,1,0,1,1,1,1,12,2,12,2
Ostreococcus_tauri,126,58,16,4,3,1,11,10,5,4,10,9,4,3,1,1,1,1,10,5,10,5
Otolemur_garnettii,432,237,35,0,0,0,166,166,129,129,140,140,107,107,23,23,19,19,80,83,56,57
Ovis_aries,430,235,37,0,0,0,163,163,128,128,133,133,104,104,27,27,21,21,78,82,55,56
Oxytricha_trifallax,248,132,9,0,0,0,3,3,0,0,3,3,0,0,0,0,0,0,3,0,3,0
Pan_troglodytes,369,205,29,0,0,0,130,130,114,114,107,107,94,94,20,20,17,17,76,87,56,59
Panicum_virgatum,1449,520,65,0,0,0,190,190,45,45,162,162,39,39,28,28,6,6,38,17,27,12
Papio_anubis,395,221,33,0,0,0,157,157,126,126,130,130,103,103,24,24,20,20,76,82,55,55
Paracoccidioides_brasiliensis,117,62,7,0,0,0,13,13,3,3,12,12,2,2,1,1,1,1,13,3,13,3
Paracoccidioides_sp_lutzii,135,64,7,0,0,0,13,13,3,3,12,12,2,2,1,1,1,1,13,3,13,3
Paramecium_tetraurelia,442,198,13,0,0,0,11,11,0,0,11,11,0,0,0,0,0,0,6,0,5,0
Parascaris_equorum,115,78,17,0,0,0,24,24,0,0,21,21,0,0,3,3,0,0,21,0,19,0
Parastrongyloides_trichosuri,182,88,20,0,0,0,32,31,7,6,23,22,4,3,9,9,3,3,25,6,22,6
Paxillus_involutus,89,38,2,0,0,0,5,5,1,1,5,5,1,1,0,0,0,0,4,1,4,1
Paxillus_rubicundulus,148,81,7,0,0,0,15,15,2,2,14,14,2,2,1,1,0,0,14,2,13,2
Pediculus_humanus,197,103,19,0,0,0,52,50,22,20,43,41,19,17,8,8,3,3,47,22,38,19
Pelodiscus_sinensis,328,175,29,0,0,0,118,118,83,83,95,95,69,69,20,20,13,13,73,69,50,47
Penicillium_chrysogenum,114,69,6,0,0,0,13,13,2,2,12,12,1,1,1,1,1,1,13,2,13,2
Penicillium_digitatum,110,71,7,0,0,0,13,13,3,3,12,12,2,2,1,1,1,1,13,3,13,3
Penicillium_expansum,101,64,7,0,0,0,11,11,3,3,10,10,2,2,1,1,1,1,11,3,11,3
Penicillium_italicum,109,68,7,0,0,0,13,13,3,3,12,12,2,2,1,1,1,1,13,3,13,3
Penicillium_marneffei,125,67,6,0,0,0,14,14,3,3,13,13,2,2,1,1,1,1,14,3,12,3
Penicillium_oxalicum,110,65,7,0,0,0,14,14,4,4,13,13,3,3,1,1,1,1,14,4,14,4
Penicillium_rubens,114,69,6,0,0,0,13,13,2,2,12,12,1,1,1,1,1,1,13,2,13,2
Penicillium_solitum,109,68,6,0,0,0,12,12,3,3,11,11,2,2,1,1,1,1,12,3,12,3
Pestalotiopsis_fici,119,68,8,0,0,0,14,14,3,3,13,13,2,2,1,1,1,1,12,3,12,3
Petromyzon_marinus,186,104,19,0,0,0,65,64,27,26,51,50,21,20,12,12,6,6,39,25,36,22
Phaeodactylum_tricornutum,152,69,10,0,0,0,4,4,0,0,4,4,0,0,0,0,0,0,4,0,4,0
Phaeosphaeria_nodorum,105,63,8,0,0,0,12,12,1,1,11,11,0,0,1,1,1,1,12,1,11,1
Phanerochaete_carnosa,131,69,7,0,0,0,13,13,2,2,12,12,2,2,1,1,0,0,13,2,13,2
Phanerochaete_chrysosporium,163,72,7,0,0,0,14,14,1,1,13,13,1,1,1,1,0,0,14,1,13,1
Phlebiopsis_gigantea,140,83,6,0,0,0,14,14,2,2,13,13,2,2,1,1,0,0,14,2,13,2
Phlebotomus_papatasi,169,90,17,0,0,0,48,47,19,18,42,41,17,16,6,6,2,2,42,17,36,15
Phoenix_dactylifera,397,229,34,0,0,0,92,92,10,10,77,77,8,8,15,15,2,2,32,9,29,9
Phycomyces_blakesleeanus,204,100,13,0,0,0,18,17,1,0,17,16,1,0,1,1,0,0,15,1,14,1
Physcomitrella_patens,406,175,13,4,3,0,62,62,14,14,57,57,14,14,5,5,0,0,26,7,21,6
Phytophthora_capsici,170,68,5,0,0,0,10,10,1,1,10,10,1,1,0,0,0,0,10,1,10,1
Phytophthora_infestans,190,79,8,0,0,0,13,13,1,1,13,13,1,1,0,0,0,0,12,1,12,1
Phytophthora_kernoviae,118,58,6,0,0,0,12,12,1,1,12,12,1,1,0,0,0,0,12,1,12,1
Phytophthora_lateralis,139,56,5,0,0,0,7,7,0,0,7,7,0,0,0,0,0,0,7,0,7,0
Phytophthora_parasitica,230,74,8,0,0,0,11,11,1,1,11,11,1,1,0,0,0,0,11,1,11,1
Phytophthora_ramorum,274,76,6,1,1,0,13,13,0,0,13,13,0,0,0,0,0,0,12,0,11,0
Phytophthora_sojae,355,71,7,0,0,0,10,10,1,1,10,10,1,1,0,0,0,0,10,1,10,1
Pichia_kudriavzevii,95,59,7,0,0,0,6,6,0,0,6,6,0,0,0,0,0,0,5,0,4,0
Pichia_pastoris,85,53,5,0,0,0,6,6,0,0,6,6,0,0,0,0,0,0,5,0,5,0
Pichia_stipitis,84,52,6,0,0,0,8,8,0,0,7,7,0,0,1,1,0,0,7,0,6,0
Piloderma_croceum,170,81,8,0,0,0,17,17,2,2,16,16,2,2,1,1,0,0,15,2,13,2
Piriformospora_indica,131,78,7,0,0,0,14,14,1,1,13,13,1,1,1,1,0,0,14,1,13,1
Pisolithus_microcarpus,198,86,9,0,0,0,15,15,2,2,14,14,2,2,1,1,0,0,14,2,13,2
Pisolithus_tinctorius,243,84,8,0,0,0,15,15,2,2,14,14,2,2,1,1,0,0,14,2,13,2
Plasmodium_berghei,102,71,5,0,0,0,15,15,11,11,14,14,10,10,1,1,1,1,15,11,13,10
Plasmodium_chabaudi,103,72,5,0,0,0,17,17,11,11,16,16,10,10,1,1,1,1,17,11,15,10
Plasmodium_falciparum,104,69,5,12,11,1,15,15,12,12,14,14,11,11,1,1,1,1,15,12,14,11
Plasmodium_knowlesi,105,72,5,0,0,0,15,15,10,10,14,14,9,9,1,1,1,1,15,10,14,9
Plasmodium_vivax,103,72,5,0,0,0,16,16,8,8,15,15,7,7,1,1,1,1,16,8,15,7
Plasmodium_yoelii,97,73,5,0,0,0,16,16,8,8,15,15,8,8,1,1,0,0,15,8,13,7
Pleurotus_ostreatus,164,75,7,0,0,0,13,13,2,2,12,12,2,2,1,1,0,0,12,2,11,2
Plicaturopsis_crispa,21,10,0,0,0,0,1,1,0,0,1,1,0,0,0,0,0,0,1,0,1,0
Pneumocystis_carinii,204,135,18,0,0,0,32,32,0,0,27,27,0,0,5,5,0,0,13,0,13,0
Pneumocystis_murina,98,61,7,0,0,0,14,14,0,0,12,12,0,0,2,2,0,0,13,0,13,0
Podospora_anserina,117,68,7,0,0,0,14,14,4,4,13,13,3,3,1,1,1,1,14,4,12,4
Poecilia_formosa,443,243,35,0,0,0,156,156,112,112,128,128,91,91,25,25,18,18,73,73,50,48
Pogona_vitticeps,351,192,30,0,0,0,118,118,90,90,95,95,75,75,20,20,13,13,75,71,53,50
Polysphondylium_pallidum,160,91,7,0,0,0,8,8,2,2,8,8,2,2,0,0,0,0,7,2,7,2
Pongo_abelii,381,218,34,0,0,0,152,152,110,110,124,124,90,90,25,25,18,18,76,79,57,56
Populus_trichocarpa,679,335,47,0,0,0,168,168,58,58,147,147,51,51,21,21,7,7,52,26,37,19
Postia_placenta,91,27,3,0,0,0,2,2,1,1,2,2,1,1,0,0,0,0,2,1,2,1
Pristionchus_exspectatus,232,131,22,0,0,0,35,33,5,3,29,27,4,2,6,6,1,1,27,5,23,5
Pristionchus_pacificus,261,145,24,0,0,0,36,35,4,3,28,27,2,1,8,8,2,2,28,3,25,3
Procavia_capensis,303,158,25,0,0,0,110,110,66,66,90,90,56,56,17,17,9,9,71,55,52,44
Protopolystoma_xenopodis,191,112,24,0,0,0,33,32,2,1,29,28,1,0,4,4,1,1,23,2,21,2
Prunus_mume,418,207,28,0,0,0,90,90,37,37,80,80,32,32,10,10,5,5,46,26,35,20
Prunus_persica,474,218,23,0,0,0,99,99,38,38,89,89,33,33,10,10,5,5,47,25,36,20
Pseudocercospora_fijiensis,119,70,8,0,0,0,13,13,2,2,12,12,1,1,1,1,1,1,13,2,11,2
Pseudogymnoascus_destructans,157,66,9,0,0,0,16,15,4,3,15,14,3,2,1,1,1,1,14,4,13,4
Pseudogymnoascus_pannorum,109,64,8,0,0,0,13,13,4,4,12,12,3,3,1,1,1,1,12,4,11,4
Pseudozyma_antarctica,87,56,6,0,0,0,12,12,0,0,11,11,0,0,1,1,0,0,11,0,10,0
Pseudozyma_aphidis,88,51,5,0,0,0,7,7,0,0,7,7,0,0,0,0,0,0,6,0,6,0
Pseudozyma_brasiliensis,107,63,7,0,0,0,10,10,0,0,9,9,0,0,1,1,0,0,9,0,8,0
Pseudozyma_flocculosa,73,44,4,0,0,0,6,6,0,0,6,6,0,0,0,0,0,0,5,0,4,0
Pseudozyma_hubeiensis,109,65,7,0,0,0,13,13,0,0,12,12,0,0,1,1,0,0,12,0,11,0
Pteropus_vampyrus,336,186,29,0,0,0,123,123,89,89,102,102,75,75,19,19,13,13,75,71,54,54
Puccinia_graminis,219,95,6,2,2,0,14,14,2,2,13,13,2,2,1,1,0,0,12,2,10,2
Puccinia_triticina,295,87,5,0,0,0,11,11,2,2,10,10,2,2,1,1,0,0,11,2,9,2
Punctularia_strigosozonata,11,6,0,0,0,0,0,0,0,0,0,0,0,0,0,0,0,0,0,0,0,0
Pyrenophora_teres,133,71,7,0,0,0,13,13,2,2,12,12,1,1,1,1,1,1,13,2,12,2
Pyrenophora_triticirepentis,127,67,7,0,0,0,12,12,3,3,11,11,2,2,1,1,1,1,12,3,11,3
Pythium_aphanidermatum,153,73,7,0,0,0,10,10,1,1,10,10,1,1,0,0,0,0,10,1,10,1
Pythium_arrhenomanes,141,66,7,0,0,0,8,8,0,0,8,8,0,0,0,0,0,0,8,0,8,0
Pythium_irregulare,160,76,6,0,0,0,8,8,1,1,8,8,1,1,0,0,0,0,8,1,8,1
Pythium_iwayamai,150,68,6,0,0,0,6,6,1,1,6,6,1,1,0,0,0,0,6,1,6,1
Pythium_ultimum,210,78,7,0,0,0,8,8,1,1,8,8,1,1,0,0,0,0,8,1,8,1
Pythium_vexans,170,79,7,0,0,0,10,10,1,1,10,10,1,1,0,0,0,0,10,1,10,1
RNAcompete_CONSTRUCTS,14,10,2,0,0,0,12,12,12,12,10,10,10,10,2,2,2,2,12,12,12,12
Rattus_norvegicus,406,223,35,0,0,0,145,145,117,117,120,120,95,95,22,22,19,19,77,83,55,58
Rhabditophanes_kr3021,186,103,28,0,0,0,30,29,4,3,23,22,3,2,7,7,1,1,23,4,20,4
Rhinocladiella_mackenziei,117,68,7,0,0,0,12,12,3,3,11,11,2,2,1,1,1,1,12,3,11,3
Rhizoctonia_solani,144,72,5,0,0,0,15,15,1,1,14,14,1,1,1,1,0,0,13,1,13,1
Rhizophagus_irregularis,248,125,30,0,0,0,17,17,0,0,16,16,0,0,1,1,0,0,15,0,14,0
Rhizopus_oryzae,277,115,16,1,1,0,18,16,4,2,18,16,4,2,0,0,0,0,11,3,11,3
Rhodnius_prolixus,236,112,19,0,0,0,53,51,20,18,44,42,20,18,8,8,0,0,43,19,36,16
Rhodosporidium_toruloides,120,74,5,0,0,0,8,8,0,0,7,7,0,0,1,1,0,0,8,0,8,0
Rhodotorula_glutinis,42,27,2,0,0,0,2,2,0,0,2,2,0,0,0,0,0,0,2,0,2,0
Ricinus_communis,379,179,27,0,0,0,88,88,38,38,76,76,34,34,12,12,4,4,45,26,35,20
Romanomermis_culicivorax,242,119,27,0,0,0,42,41,7,6,35,34,6,5,7,7,1,1,34,7,30,7
Rozella_allomycis,106,62,4,0,0,0,5,5,0,0,5,5,0,0,0,0,0,0,5,0,5,0
Saccharomyces_arboricola,62,36,4,0,0,0,7,7,1,1,7,7,1,1,0,0,0,0,6,1,5,1
Saccharomyces_bayanus,88,50,8,0,0,0,10,10,2,2,10,10,2,2,0,0,0,0,9,2,8,2
Saccharomyces_castellii,78,41,8,0,0,0,6,6,2,2,6,6,2,2,0,0,0,0,5,2,5,2
Saccharomyces_cerevisiae,92,52,6,4,2,0,8,8,2,2,8,8,2,2,0,0,0,0,6,2,6,2
Saccharomyces_kudriavzevii,56,30,5,0,0,0,2,2,1,1,2,2,1,1,0,0,0,0,2,1,2,1
Saccharomyces_mikatae,93,54,6,0,0,0,8,8,2,2,8,8,2,2,0,0,0,0,7,2,7,2
Saccharomyces_paradoxus,86,51,6,0,0,0,8,8,2,2,8,8,2,2,0,0,0,0,7,2,7,2
Saccharomycetaceae_sp_ashbya_aceri,81,46,6,0,0,0,7,7,1,1,7,7,1,1,0,0,0,0,7,1,7,1
Saccoglossus_kowalevskii,448,133,25,0,0,0,50,50,18,18,43,43,17,17,7,7,1,1,48,18,40,16
Salix_purpurea,651,332,47,0,0,0,182,182,74,74,161,161,64,64,21,21,10,10,51,27,37,21
Salpingoeca_rosetta,188,80,14,0,0,0,9,8,1,0,9,8,1,0,0,0,0,0,7,1,6,1
Saprolegnia_parasitica,197,79,6,0,0,0,7,7,0,0,7,7,0,0,0,0,0,0,7,0,7,0
Sarcophilus_harrisii,365,196,29,0,0,0,126,126,92,92,104,104,78,78,19,19,12,12,75,74,53,53
Scedosporium_apiospermum,93,50,7,0,0,0,11,11,3,3,10,10,2,2,1,1,1,1,11,3,10,3
Scheffersomyces_stipitis,83,51,6,0,0,0,8,8,0,0,7,7,0,0,1,1,0,0,7,0,6,0
Schistocephalus_solidus,138,94,11,0,0,0,26,26,2,2,24,24,2,2,2,2,0,0,21,2,20,2
Schistosoma_curassoni,236,97,24,0,0,0,34,34,3,3,33,33,2,2,1,1,1,1,27,3,22,3
Schistosoma_haematobium,202,113,24,0,0,0,39,39,10,10,36,36,8,8,3,3,2,2,32,9,26,8
Schistosoma_japonicum,213,123,22,0,0,0,46,46,5,5,43,43,3,3,3,3,2,2,34,5,29,4
Schistosoma_mansoni,203,112,26,5,4,1,39,39,8,8,35,35,6,6,4,4,2,2,33,8,27,8
Schistosoma_margrebowiei,208,79,19,0,0,0,23,23,4,4,21,21,3,3,2,2,1,1,22,4,19,4
Schistosoma_mattheei,185,96,27,0,0,0,30,30,4,4,27,27,3,3,3,3,1,1,27,4,20,4
Schistosoma_rodhaini,207,96,21,0,0,0,25,25,5,5,22,22,3,3,3,3,2,2,23,5,19,5
Schizophyllum_commune,140,74,7,4,3,0,15,15,4,4,14,14,4,4,1,1,0,0,14,4,13,4
Schizosaccharomyces_cryophilus,111,71,7,0,0,0,14,14,5,5,13,13,5,5,1,1,0,0,14,5,14,5
Schizosaccharomyces_japonicus,122,73,8,0,0,0,16,16,1,1,15,15,1,1,1,1,0,0,14,1,14,1
Schizosaccharomyces_octosporus,107,68,5,0,0,0,14,14,6,6,13,13,6,6,1,1,0,0,14,6,14,6
Schizosaccharomyces_pombe,110,70,7,6,6,0,15,15,6,6,14,14,6,6,1,1,0,0,15,6,15,6
Schmidtea_mediterranea,456,234,49,0,0,0,66,65,3,2,57,56,3,2,9,9,0,0,32,3,26,3
Scleroderma_citrinum,251,92,8,0,0,0,18,18,2,2,17,17,2,2,1,1,0,0,14,2,12,2
Sclerotinia_borealis,121,68,7,0,0,0,15,15,4,4,14,14,3,3,1,1,1,1,14,4,13,4
Sclerotinia_sclerotiorum,91,43,8,0,0,0,10,10,3,3,9,9,2,2,1,1,1,1,9,3,9,3
Selaginella_moellendorffii,502,263,28,0,0,0,92,92,16,16,86,86,16,16,6,6,0,0,27,7,22,7
Serendipita_vermifera,160,99,9,0,0,0,10,10,1,1,9,9,1,1,1,1,0,0,10,1,10,1
Serpula_lacrymans,293,69,7,0,0,0,12,12,2,2,11,11,2,2,1,1,0,0,12,2,11,2
Setaria_italica,486,228,29,0,0,0,92,92,24,24,80,80,20,20,12,12,4,4,37,13,27,12
Setosphaeria_turcica,122,68,7,0,0,0,12,12,3,3,11,11,2,2,1,1,1,1,12,3,12,3
Soboliphyme_baturini,155,80,24,0,0,0,36,36,6,6,30,30,5,5,6,6,1,1,31,6,26,6
Solanum_lycopersicum,505,261,39,0,0,0,106,106,40,40,94,94,34,34,12,12,6,6,40,22,32,18
Solanum_tuberosum,533,236,30,0,0,0,108,108,43,43,96,96,36,36,12,12,7,7,39,21,31,17
Solenopsis_invicta,189,95,14,0,0,0,43,42,13,12,38,37,12,11,4,4,1,1,36,13,31,12
Sordaria_macrospora,119,68,7,0,0,0,15,15,5,5,14,14,4,4,1,1,1,1,14,5,13,5
Sorex_araneus,260,144,25,0,0,0,99,99,53,53,80,80,46,46,18,18,7,7,69,42,50,33
Sorghum_bicolor,565,240,27,0,0,0,86,86,30,30,76,76,27,27,10,10,3,3,37,16,28,12
Spathaspora_passalidarum,91,54,7,0,0,0,7,7,0,0,7,7,0,0,0,0,0,0,6,0,5,0
Sphaerobolus_stellatus,238,57,10,0,0,0,7,7,0,0,6,6,0,0,1,1,0,0,5,0,4,0
Sphaerulina_musiva,109,64,8,0,0,0,13,13,1,1,12,12,0,0,1,1,1,1,13,1,12,1
Spirometra_erinaceieuropaei,245,168,19,0,0,0,25,25,1,1,24,24,1,1,1,1,0,0,16,1,15,1
Spizellomyces_punctatus,159,89,9,0,0,0,15,15,1,1,13,13,1,1,2,2,0,0,13,1,13,1
Sporisorium_reilianum,117,66,7,0,0,0,14,14,0,0,13,13,0,0,1,1,0,0,12,0,11,0
Sporobolomyces_roseus,96,58,7,0,0,0,7,7,0,0,6,6,0,0,1,1,0,0,7,0,7,0
Sporothrix_brasiliensis,101,60,6,0,0,0,16,16,3,3,15,15,2,2,1,1,1,1,15,3,14,3
Sporothrix_schenckii,103,59,7,0,0,0,15,15,2,2,14,14,1,1,1,1,1,1,14,2,13,2
Spraguea_lophii,35,17,5,0,0,0,0,0,0,0,0,0,0,0,0,0,0,0,0,0,0,0
Stachybotrys_chartarum,105,58,7,0,0,0,13,13,3,3,12,12,2,2,1,1,1,1,12,3,11,3
Stachybotrys_chlorohalonata,106,61,8,0,0,0,14,14,3,3,13,13,2,2,1,1,1,1,13,3,12,3
Stagonospora_nodorum,120,67,8,0,0,0,12,12,2,2,11,11,1,1,1,1,1,1,12,2,11,2
Steinernema_carpocapsae,269,145,35,0,0,0,43,43,8,8,33,33,7,7,10,10,1,1,31,8,29,8
Steinernema_feltiae,271,151,25,0,0,0,38,38,5,5,33,33,5,5,5,5,0,0,29,5,26,5
Steinernema_glaseri,293,171,28,0,0,0,47,47,7,7,40,40,5,5,7,7,2,2,32,6,29,6
Steinernema_monticolum,293,150,29,0,0,0,37,37,10,10,31,31,7,7,6,6,3,3,28,7,26,7
Steinernema_scapterisci,274,145,24,0,0,0,39,39,7,7,32,32,6,6,7,7,1,1,34,7,30,7
Strigamia_maritima,390,163,15,0,0,0,62,61,19,18,58,57,18,17,3,3,1,1,44,15,36,14
Strongylocentrotus_purpuratus,392,154,25,0,0,0,51,51,14,14,45,45,13,13,6,6,1,1,40,11,35,10
Strongyloides_papillosus,311,85,31,0,0,0,35,34,7,6,26,25,4,3,9,9,3,3,29,6,26,6
Strongyloides_stercoralis,186,82,27,0,0,0,34,33,6,5,25,24,3,2,9,9,3,3,29,5,26,5
Strongyloides_venezuelensis,235,81,27,0,0,0,30,29,8,7,22,21,4,3,8,8,4,4,25,6,22,6
Strongylus_vulgaris,139,75,25,0,0,0,25,25,3,3,20,20,3,3,5,5,0,0,21,3,20,3
Suillus_luteus,153,77,8,0,0,0,14,14,2,2,13,13,2,2,1,1,0,0,14,2,13,2
Sus_scrofa,390,213,33,0,0,0,141,140,99,98,115,114,81,80,23,23,16,16,74,76,54,54
Syphacia_muris,164,96,16,0,0,0,40,38,8,6,35,33,8,6,5,5,0,0,30,7,29,7
Taenia_asiatica,172,116,16,0,0,0,26,26,6,6,23,23,5,5,3,3,1,1,25,6,23,5
Taenia_solium,216,139,20,0,0,0,34,34,5,5,31,31,4,4,3,3,1,1,28,5,25,5
Taeniopygia_guttata,315,173,28,0,0,0,113,113,81,81,92,92,65,65,19,19,14,14,68,65,48,44
Takifugu_rubripes,399,215,38,0,0,0,144,144,97,97,115,115,80,80,27,27,15,15,70,70,50,46
Talaromyces_marneffei,125,67,6,0,0,0,14,14,3,3,13,13,2,2,1,1,1,1,14,3,12,3
Talaromyces_stipitatus,132,64,7,0,0,0,14,14,3,3,13,13,2,2,1,1,1,1,14,3,12,3
Tarsius_syrichta,267,142,28,0,0,0,94,94,61,61,74,74,51,51,18,18,10,10,62,52,45,39
Teladorsagia_circumcincta,241,146,33,0,0,0,49,49,8,8,39,39,7,7,10,10,1,1,30,7,25,7
Tetrahymena_thermophila,222,96,6,0,0,0,7,7,0,0,7,7,0,0,0,0,0,0,6,0,6,0
Tetranychus_urticae,192,94,21,0,0,0,45,45,12,12,38,38,10,10,7,7,2,2,34,12,30,11
Tetraodon_nigroviridis,388,202,36,12,10,2,139,139,93,93,110,110,76,76,26,26,14,14,74,68,52,47
Tetrapisispora_blattae,87,52,7,0,0,0,7,7,3,3,7,7,3,3,0,0,0,0,6,2,5,2
Tetrapisispora_phaffii,93,52,7,0,0,0,7,7,2,2,7,7,2,2,0,0,0,0,6,2,6,2
Thalassiosira_pseudonana,148,69,12,1,1,0,7,7,1,1,7,7,1,1,0,0,0,0,7,1,6,1
Thecamonas_trahens,128,57,8,0,0,0,2,2,0,0,2,2,0,0,0,0,0,0,2,0,2,0
Theileria_annulata,89,60,5,0,0,0,7,7,0,0,7,7,0,0,0,0,0,0,7,0,7,0
Theileria_parva,86,56,6,0,0,0,8,8,0,0,8,8,0,0,0,0,0,0,8,0,8,0
Thelazia_callipaeda,157,96,13,0,0,0,34,33,4,3,30,29,4,3,4,4,0,0,28,4,24,4
Theobroma_cacao,508,225,24,0,0,0,91,91,38,38,80,80,34,34,11,11,4,4,49,28,38,22
Thielavia_terrestris,116,65,7,0,0,0,13,13,4,4,12,12,3,3,1,1,1,1,13,4,12,4
Tilletiaria_anomala,107,63,8,0,0,0,12,12,0,0,10,10,0,0,2,2,0,0,12,0,12,0
Togninia_minima,104,62,7,0,0,0,14,14,3,3,13,13,2,2,1,1,1,1,14,3,11,3
Torrubiella_hemipterigena,113,64,8,0,0,0,15,15,4,4,14,14,3,3,1,1,1,1,15,4,13,4
Torulaspora_delbrueckii,84,49,8,0,0,0,7,7,2,2,7,7,2,2,0,0,0,0,7,2,7,2
Toxocara_canis,188,110,27,0,0,0,34,32,7,5,31,29,7,5,3,3,0,0,21,6,19,6
Toxoplasma_gondii,145,87,10,0,0,0,8,8,0,0,8,8,0,0,0,0,0,0,8,0,8,0
Trachipleistophora_hominis,33,17,4,0,0,0,0,0,0,0,0,0,0,0,0,0,0,0,0,0,0,0
Trametes_cinnabarina,153,76,6,0,0,0,13,13,2,2,12,12,2,2,1,1,0,0,13,2,12,2
Tremella_mesenterica,218,63,7,0,0,0,8,8,0,0,7,7,0,0,1,1,0,0,8,0,7,0
Tribolium_castaneum,305,115,18,0,0,0,51,49,27,25,43,41,25,23,7,7,2,2,44,26,39,24
Trichinella_nativa,198,109,15,0,0,0,34,34,7,7,29,29,6,6,5,5,1,1,30,7,27,7
Trichinella_spiralis,276,118,49,0,0,0,34,34,8,8,28,28,7,7,6,6,1,1,28,8,25,8
Trichobilharzia_regenti,190,106,28,0,0,0,30,30,3,3,27,27,2,2,3,3,1,1,26,3,22,3
Trichoderma_atroviride,114,64,7,0,0,0,14,14,3,3,13,13,2,2,1,1,1,1,14,3,12,3
Trichoderma_reesei,102,63,7,0,0,0,14,14,3,3,13,13,2,2,1,1,1,1,14,3,12,3
Trichoderma_virens,109,61,7,0,0,0,14,14,3,3,13,13,2,2,1,1,1,1,13,3,12,3
Trichomonas_vaginalis,212,176,7,6,6,0,19,19,9,9,19,19,9,9,0,0,0,0,6,6,5,5
Trichophyton_equinum,103,66,7,0,0,0,12,12,3,3,11,11,2,2,1,1,1,1,12,3,12,3
Trichophyton_interdigitale,112,70,7,0,0,0,14,14,4,4,13,13,3,3,1,1,1,1,14,4,13,4
Trichophyton_rubrum,108,69,7,0,0,0,13,13,4,4,12,12,3,3,1,1,1,1,13,4,12,4
Trichophyton_soudanense,108,69,7,0,0,0,13,13,4,4,12,12,3,3,1,1,1,1,13,4,12,4
Trichophyton_tonsurans,101,62,7,0,0,0,12,12,3,3,11,11,2,2,1,1,1,1,12,3,11,3
Trichophyton_verrucosum,93,61,7,0,0,0,10,10,3,3,9,9,2,2,1,1,1,1,10,3,10,3
Trichoplax_adhaerens,173,100,14,0,0,0,29,29,4,4,26,26,4,4,3,3,0,0,28,4,25,4
Trichosporon_asahii,98,56,7,0,0,0,7,7,0,0,5,5,0,0,2,2,0,0,6,0,6,0
Trichuris_muris,244,98,19,0,0,0,34,34,5,5,27,27,4,4,7,7,1,1,32,5,29,5
Trichuris_suis,214,102,22,0,0,0,32,32,5,5,27,27,4,4,5,5,1,1,29,5,27,5
Trichuris_trichiura,166,71,19,0,0,0,23,23,4,4,19,19,4,4,4,4,0,0,22,4,22,4
Triticum_aestivum,1298,686,100,0,0,0,252,252,41,41,221,221,34,34,31,31,7,7,41,11,30,9
Triticum_urartu,425,220,26,0,0,0,74,74,11,11,65,65,10,10,9,9,1,1,32,10,24,8
Trypanosoma_brucei,149,80,3,18,12,0,26,26,19,19,26,26,19,19,0,0,0,0,20,17,18,14
Trypanosoma_congolense,166,84,6,0,0,0,26,26,20,20,25,25,20,20,1,1,0,0,20,17,18,14
Trypanosoma_cruzi,137,71,4,0,0,0,26,26,15,15,25,25,15,15,1,1,0,0,19,9,18,8
Trypanosoma_vivax,144,77,5,0,0,0,22,22,8,8,21,21,8,8,1,1,0,0,19,8,19,8
Tuber_melanosporum,109,60,9,0,0,0,12,12,2,2,11,11,1,1,1,1,1,1,11,2,11,2
Tulasnella_calospora,141,77,6,0,0,0,13,13,1,1,12,12,1,1,1,1,0,0,11,1,10,1
Tupaia_belangeri,284,165,26,0,0,0,107,107,46,46,91,91,41,41,15,15,5,5,63,41,45,32
Tursiops_truncatus,338,182,30,0,0,0,119,119,92,92,95,95,73,73,21,21,16,16,72,72,51,49
Tyto_alba,236,131,21,0,0,0,77,77,48,48,62,62,40,40,14,14,8,8,52,40,41,31
Uncinocarpus_reesii,100,61,7,0,0,0,17,17,4,4,15,15,3,3,2,2,1,1,16,4,14,4
Ustilaginoidea_virens,98,58,7,0,0,0,12,12,4,4,11,11,3,3,1,1,1,1,11,4,11,4
Ustilago_hordei,144,65,7,0,0,0,12,12,0,0,11,11,0,0,1,1,0,0,11,0,11,0
Ustilago_maydis,108,64,7,0,0,0,14,14,0,0,13,13,0,0,1,1,0,0,13,0,13,0
Vanderwaltozyma_polyspora,95,49,8,0,0,0,6,6,2,2,6,6,2,2,0,0,0,0,5,2,5,2
Vavraia_culicis,36,15,4,0,0,0,0,0,0,0,0,0,0,0,0,0,0,0,0,0,0,0
Verruconis_gallopava,112,65,7,0,0,0,12,12,3,3,11,11,2,2,1,1,1,1,12,3,11,3
Verticillium_albo_atrum,93,60,7,0,0,0,12,12,2,2,11,11,2,2,1,1,0,0,12,2,11,2
Verticillium_alfalfae,93,60,7,0,0,0,12,12,2,2,11,11,2,2,1,1,0,0,12,2,11,2
Verticillium_dahliae,104,65,8,0,0,0,13,13,3,3,12,12,2,2,1,1,1,1,12,3,11,3
Vicugna_pacos,243,127,24,0,0,0,88,88,54,54,70,70,45,45,15,15,8,8,61,48,47,39
Vitis_vinifera,443,213,30,0,0,0,103,103,42,42,88,88,36,36,15,15,6,6,48,28,34,22
Vittaforma_corneae,28,14,2,0,0,0,1,1,0,0,1,1,0,0,0,0,0,0,1,0,1,0
Volvox_carteri,186,97,17,0,0,0,13,13,1,1,13,13,1,1,0,0,0,0,12,1,11,1
Wallemia_ichthyophaga,104,67,6,0,0,0,9,9,0,0,8,8,0,0,1,1,0,0,9,0,9,0
Wallemia_sebi,104,66,7,0,0,0,12,12,0,0,11,11,0,0,1,1,0,0,12,0,11,0
Wickerhamomyces_ciferrii,100,62,7,0,0,0,10,10,0,0,10,10,0,0,0,0,0,0,9,0,8,0
Wuchereria_bancrofti,241,138,26,0,0,0,46,45,5,4,39,38,5,4,7,7,0,0,34,5,27,5
Xenopus_laevis,375,218,31,0,0,0,160,160,129,129,136,136,109,109,22,22,18,18,64,58,49,45
Xenopus_tropicalis,444,205,34,10,9,1,128,128,100,100,106,106,81,81,21,21,18,18,72,71,53,48
Xiphophorus_maculatus,416,227,36,0,0,0,147,147,103,103,120,120,83,83,24,24,17,17,71,72,50,47
Yarrowia_lipolytica,103,60,9,0,0,0,8,8,0,0,7,7,0,0,1,1,0,0,8,0,8,0
Zea_mays,643,342,45,0,0,0,152,152,39,39,131,131,35,35,21,21,4,4,44,16,32,12
Zootermopsis_nevadensis,217,115,17,0,0,0,50,48,25,23,42,40,24,22,7,7,1,1,45,25,37,21
Zygosaccharomyces_bailii,160,91,12,0,0,0,8,8,4,4,8,8,4,4,0,0,0,0,4,2,4,2
Zygosaccharomyces_rouxii,82,46,6,0,0,0,4,4,2,2,4,4,2,2,0,0,0,0,4,2,4,2
Zymoseptoria_tritici,101,60,7,0,0,0,15,15,2,2,14,14,1,1,1,1,1,1,15,2,13,2
